,name,addr1,cat1,cat2,cat3,힐링_int,혼자_int,자연_int,액티비티_int,province,city
0,24시 마린낚시(전곡항 24 마린낚시),경기도 화성시 서신면 전곡항로 317,A03,A0303,A03030600,0,0,0,0,경기도,화성시
1,EVO수영장,경기도 안산시 단원구 초지동,A03,A0303,A03030700,1,0,1,1,경기도,안산시
2,K-26,경기도 가평군 청평면 고재길 262-57,A03,A0303,A03030400,0,0,1,0,경기도,가평군
3,K3바다낚시터,경기도 안산시 단원구 작은상재미길 86,A03,A0303,A03030600,0,0,0,0,경기도,안산시
4,M1971요트투어,제주특별자치도 서귀포시 대정읍 하모리 646-20,A03,A0303,A03030300,1,0,1,0,제주특별자치도,서귀포시
5,가평빠지 클럽비발디 수상레저,경기도 가평군 가평읍 금대리,A03,A0303,A03030700,0,0,0,0,경기도,가평군
6,강화도 황청낚시터,인천광역시 강화군 내가면 황청포구로443번길 82,A03,A0303,A03030500,0,0,0,0,인천광역시,강화군
7,거청낚시터,경기도 안성시 대덕면 배꽃길 16,A03,A0303,A03030500,0,0,0,0,경기도,안성시
8,고덕사회체육센터(실내수영장),서울특별시 강동구 구천면로93길 12,A03,A0303,A03030700,1,0,0,1,서울특별시,강동구
9,골든블루마리나,서울특별시 서초구 올림픽대로 2085-14,A03,A0303,A03030300,0,0,1,1,서울특별시,서초구
10,과림낚시터,경기도 시흥시 과림저수지길 79,A03,A0303,A03030500,0,0,0,0,경기도,시흥시
11,광탄낚시레저타운,경기도 파주시 광탄면 부흥로 194-42,A03,A0303,A03030500,0,0,0,0,경기도,파주시
12,귀덕바다투명카약,제주특별자치도 제주시 한림읍 귀덕9길 4,A03,A0303,A03030200,1,0,1,0,제주특별자치도,제주시
13,그랜드 워커힐 리버파크(야외수영장),서울특별시 광진구 워커힐로 177,A03,A0303,A03030700,0,0,0,0,서울특별시,광진구
14,금원수목원수영장,경기도 광주시 남종면 삼성리,A03,A0303,A03030700,0,0,1,0,경기도,광주시
15,길명낚시공원,경기도 포천시 일동면 영일로 316,A03,A0303,A03030500,0,0,0,0,경기도,포천시
16,길정 낚시터,인천광역시 강화군 양도면 고려왕릉로 209,A03,A0303,A03030500,0,0,0,0,인천광역시,강화군
17,김녕요트투어,제주특별자치도 제주시 구좌읍 구좌해안로 229-16,A03,A0303,A03030300,1,0,1,1,제주특별자치도,제주시
18,김포스포츠센터(실내수영장),경기도 김포시 봉화로181번길 31-20,A03,A0303,A03030700,0,0,0,0,경기도,김포시
19,난지한강공원물놀이장,서울특별시 마포구 한강난지로 162 (상암동),A03,A0303,A03030700,0,0,1,0,서울특별시,마포구
20,남창낚시터(남창지),충청남도 천안시 서북구 성거읍 보명사길 62,A03,A0303,A03030500,0,0,0,0,충청남도,천안시
21,남한강수상스키장,경기도 양평군 옥천면 남한강변길 274-1,A03,A0303,A03030100,0,0,0,0,경기도,양평군
22,노진낚시터,경기도 화성시 장안면 남양황라로 188-55,A03,A0303,A03030500,0,0,0,0,경기도,화성시
23,다이브라이프,서울특별시 서초구 반포대로20길 27,A03,A0303,A03030400,0,0,1,0,서울특별시,서초구
24,대동 낚시터,충청남도 아산시 음봉면 음봉로337번길 7-75,A03,A0303,A03030500,0,0,0,0,충청남도,아산시
25,대석낚시터,경기도 양평군 강상면 강남로 1811,A03,A0303,A03030500,0,0,0,0,경기도,양평군
26,더 초리골,경기도 파주시 법원읍 초리골길 284-16,A03,A0303,A03030700,1,0,1,1,경기도,파주시
27,더시크릿수상레저,경기도 남양주시 화도읍 경춘로 2630,A03,A0303,A03030100,0,0,0,0,경기도,남양주시
28,덕봉낚시터,경기도 안성시 양성면 덕봉서원로 601-76,A03,A0303,A03030500,0,0,0,0,경기도,안성시
29,덕송지 수상 풍차 낚시터,충청남도 서산시 팔봉면 한재무두리1길 5-22,A03,A0303,A03030500,0,0,0,0,충청남도,서산시
30,도농한강공원물놀이장,경기도 남양주시 다산동,A03,A0303,A03030700,0,0,1,0,경기도,남양주시
31,도시바다낚시터,경기도 고양시 덕양구 고골길116번길 14-67,A03,A0303,A03030600,0,0,0,0,경기도,고양시
32,독도 바다낚시터,경기도 안산시 단원구 대부북동 642-171,A03,A0303,A03030600,0,0,0,0,경기도,안산시
33,돌고래수상리조트,경기도 가평군 설악면 유명로 2418,A03,A0303,A03030100,0,0,0,0,경기도,가평군
34,동검레저바다낚시,인천광역시 강화군 길상면 동검길65번길 93-6,A03,A0303,A03030600,0,0,0,0,인천광역시,강화군
35,등대바다낚시터,경기도 안산시 단원구 금당구지길 91,A03,A0303,A03030600,0,0,0,0,경기도,안산시
36,레인보우 서프,충청남도 태안군 소원면 만리포2길 182,A03,A0303,A03030100,1,1,1,1,충청남도,태안군
37,롱비치 서프스쿨,강원특별자치도 양양군 현남면 갯마을길 42-20,A03,A0303,A03030100,0,0,0,0,강원특별자치도,양양군
38,리버포인트 수상레저,경기도 가평군 청평면 호반로 474,A03,A0303,A03030100,0,0,1,0,경기도,가평군
39,마정 낚시터 (마정지 낚시터),충청남도 천안시 서북구 직산읍 금곡로 176,A03,A0303,A03030500,0,0,0,0,충청남도,천안시
40,만정민트바다낚시터,인천광역시 중구 영종순환로 279-20,A03,A0303,A03030600,0,0,0,0,인천광역시,중구
41,만정바다좌대낚시터,인천광역시 중구 영종순환로 279-20,A03,A0303,A03030600,0,0,0,0,인천광역시,중구
42,만정사계절바다낚시터,인천광역시 중구 영종순환로 279-20,A03,A0303,A03030600,0,0,0,0,인천광역시,중구
43,말봉바다낚시터,경기도 안산시 단원구 부흥로 397,A03,A0303,A03030600,0,0,0,1,경기도,안산시
44,문서프,제주특별자치도 제주시 애월읍 곽지7길 1,A03,A0303,A03030100,0,0,1,0,제주특별자치도,제주시
45,미란다 스파플러스,경기도 이천시 중리천로115번길 45,A03,A0303,A03030700,1,0,0,0,경기도,이천시
46,바하마수상레포츠,경기도 가평군 설악면 유명로 2526,A03,A0303,A03030100,0,0,0,0,경기도,가평군
47,배다골테마파크수영장,경기도 고양시 덕양구 배다골길 131 (화정동),A03,A0303,A03030700,0,0,1,1,경기도,고양시
48,보성비봉마리나,전라남도 보성군 득량면 공룡로 822-74,A03,A0303,A03030800,1,0,1,0,전라남도,보성군
49,봉재낚시터,충청남도 아산시 둔포면 충무로 1258-32,A03,A0303,A03030500,0,0,0,0,충청남도,아산시
50,부산요트투어 3355마린,부산광역시 해운대구 해운대해변로 84,A03,A0303,A03030300,0,0,1,1,부산광역시,해운대구
51,북한산천연옥워터파크,경기도 고양시 덕양구 북한산로 591-37 (효자동),A03,A0303,A03030700,1,0,1,1,경기도,고양시
52,빠지에빠지다수상레저,강원특별자치도 춘천시 남산면 방하로 567,A03,A0303,A03030800,0,0,0,0,강원특별자치도,춘천시
53,삼막곡낚시터,경기도 용인시 기흥구 신정로301번길 59,A03,A0303,A03030500,0,0,0,0,경기도,용인시
54,삼인낚시터,경기도 용인시 처인구 남사읍 삼인로 150,A03,A0303,A03030500,0,0,0,0,경기도,용인시
55,상덕낚시터,경기도 용인시 처인구 이동읍 서리 816-2,A03,A0303,A03030500,0,0,0,0,경기도,용인시
56,상상낚시터,경상남도 거제시 일운면 지세포해안로 242,A03,A0303,A03030500,0,0,0,0,경상남도,거제시
57,서귀포홍리실내수영장,제주특별자치도 서귀포시 지장샘로182번길 149 (동홍동),A03,A0303,A03030700,1,0,0,1,제주특별자치도,서귀포시
58,서대문문화체육회관 실내수영장,서울특별시 서대문구 백련사길 39,A03,A0303,A03030700,1,0,0,1,서울특별시,서대문구
59,서핑라이더 분당점,경기도 광주시 오포읍 능평로 116-21,A03,A0303,A03030100,1,0,0,1,경기도,광주시
60,선두바다낚시터,인천광역시 강화군 길상면 해안남로 673-15,A03,A0303,A03030600,0,0,0,0,인천광역시,강화군
61,선재바다낚시공원,인천광역시 옹진군 영흥면 선재로226번길 164,A03,A0303,A03030600,0,0,1,0,인천광역시,옹진군
62,섬진강 래프팅 투어,전라남도 구례군 남도대교로 412,A03,A0303,A03030800,0,0,0,0,전라남도,구례군
63,세재골농원,충청남도 아산시 영인면 신봉리,A03,A0303,A03030700,0,0,0,0,충청남도,아산시
64,소래바다낚시터,인천광역시 남동구 소래로154번길 25-40,A03,A0303,A03030600,0,0,0,0,인천광역시,남동구
65,속초코마린요트공원,강원특별자치도 속초시 엑스포로 10-29,A03,A0303,A03030300,0,0,0,1,강원특별자치도,속초시
66,솟골낚시터,경기도 남양주시 진건읍 사릉로 642-65,A03,A0303,A03030500,0,0,0,0,경기도,남양주시
67,수상레저V,강원특별자치도 춘천시 남산면 방하로 487,A03,A0303,A03030800,0,0,1,0,강원특별자치도,춘천시
68,스타바다좌대낚시터,경기도 화성시 서신면 제부로 262,A03,A0303,A03030600,0,0,1,1,경기도,화성시
69,신석스포렉스수영장,서울특별시 마포구 대흥로 33 (신수동),A03,A0303,A03030700,1,0,0,1,서울특별시,마포구
70,신암낚시터,경기도 양주시 남면 감악산로514번길 365,A03,A0303,A03030500,0,0,0,0,경기도,양주시
71,신흥바다낚시공원,제주특별자치도 제주시 조천읍 조함해안로 247-2,A03,A0303,A03030600,0,0,0,1,제주특별자치도,제주시
72,쌍방죽낚시터,경기도 포천시 가산면 선마로 163-29,A03,A0303,A03030500,0,0,0,0,경기도,포천시
73,아리수수상레저,경기도 여주시 현암동 662,A03,A0303,A03030100,0,0,1,0,경기도,여주시
74,양주유수풀파크&바베큐장,경기도 양주시 삼숭동,A03,A0303,A03030700,0,0,1,1,경기도,양주시
75,양촌성구랜드,충청남도 논산시 양촌면 양촌리,A03,A0303,A03030700,0,0,0,0,충청남도,논산시
76,어심바다낚시터,경기도 안산시 단원구 잘푸리길 107,A03,A0303,A03030600,0,0,1,0,경기도,안산시
77,에이알서프,충청남도 태안군 소원면 만리포1길 108-16,A03,A0303,A03030100,0,0,0,0,충청남도,태안군
78,엠엘피서프(엠엘피서핑),충청남도 태안군 소원면 만리포2길 172,A03,A0303,A03030100,0,0,0,0,충청남도,태안군
79,여수 아그리나 요트투어,전라남도 여수시 웅천남2로 12,A03,A0303,A03030300,1,0,1,1,전라남도,여수시
80,여주시 수상센터,경기도 여주시 강변북로 163,A03,A0303,A03030200,0,0,0,0,경기도,여주시
81,역삼청소년수련관(실내수영장),서울특별시 강남구 논현로64길 7,A03,A0303,A03030700,0,0,0,0,서울특별시,강남구
82,예당저수지(예당관광지),충청남도 예산군 응봉면 등촌리,A03,A0303,A03030500,1,0,1,0,충청남도,예산군
83,오동나무수상레저,경기도 남양주시 북한강로 1686-1 수상오동나무유원지,A03,A0303,A03030100,0,0,0,0,경기도,남양주시
84,오류내낚시터,인천광역시 강화군 송해면 하도리 산157-3,A03,A0303,A03030500,0,0,0,0,인천광역시,강화군
85,오목 낚시터(신창 오목 낚시터),충청남도 아산시 신창면 서부남로675번길 48,A03,A0303,A03030500,0,0,0,0,충청남도,아산시
86,오션브리즈요트,경상남도 통영시 산양읍 이운길 101,A03,A0303,A03030300,0,0,0,1,경상남도,통영시
87,오션차일드 발산센터,서울특별시 강서구 공항대로 290 (내발산동),A03,A0303,A03030700,0,0,1,0,서울특별시,강서구
88,오태지,경상북도 상주시 공검면 오태지동길,A03,A0303,A03030500,0,0,0,1,경상북도,상주시
89,왕산요트경기장,인천광역시 중구 왕산마리나길 143,A03,A0303,A03030300,0,0,0,0,인천광역시,중구
90,용담바다낚시터,인천광역시 옹진군 영흥면 외리 21,A03,A0303,A03030600,1,0,1,0,인천광역시,옹진군
91,용인수상스키장,경기도 용인시 처인구 이동읍 어진로 765,A03,A0303,A03030100,0,0,0,0,경기도,용인시
92,우금낚시공원,경기도 포천시 가산면 우금6길 43-44,A03,A0303,A03030500,0,0,0,0,경기도,포천시
93,울산중구도시관리공단수영장,울산광역시 중구 종가로 305 (우정동),A03,A0303,A03030700,1,0,0,1,울산광역시,중구
94,위도바다낚시,전북특별자치도 부안군 위도면 진리안길,A03,A0303,A03030600,0,0,0,0,전북특별자치도,부안군
95,유성호텔 실내수영장,대전광역시 유성구 온천로 9,A03,A0303,A03030700,0,0,0,0,대전광역시,유성구
96,음성용대리낚시터(용대리가든낚시터),충청북도 음성군 삼성면 덕호로 360,A03,A0303,A03030500,0,1,0,0,충청북도,음성군
97,인산낚시터,인천광역시 강화군 양도면 중앙로787번길 8-1,A03,A0303,A03030500,0,0,0,0,인천광역시,강화군
98,인천락실내바다낚시터,인천광역시 서구 한서로 36-10,A03,A0303,A03030600,1,0,1,0,인천광역시,서구
99,일영한씨네,경기도 양주시 장흥면 삼상리,A03,A0303,A03030700,0,0,1,0,경기도,양주시
100,장광낚시터,경기도 안성시 죽산면 관앞길 103-6,A03,A0303,A03030500,0,0,0,0,경기도,안성시
101,장수논개수상레저,전북특별자치도 장수군 장계면 의암로 632-77,A03,A0303,A03030100,1,0,0,0,전북특별자치도,장수군
102,장호어촌체험마을 투명카누,강원특별자치도 삼척시 근덕면 장호항길 111,A03,A0303,A03030200,1,0,1,0,강원특별자치도,삼척시
103,정성레저낚시터,인천광역시 중구 백운로186번길 140-1,A03,A0303,A03030600,0,0,0,0,인천광역시,중구
104,조부장 바다낚시터,경기도 안산시 단원구 구봉길 55,A03,A0303,A03030600,0,0,0,0,경기도,안산시
105,주봉낚시터,충청북도 음성군 원남면 주봉로 141,A03,A0303,A03030500,0,0,0,0,충청북도,음성군
106,주전항,울산광역시 동구 주전해안길 86,A03,A0303,A03030600,0,0,0,0,울산광역시,동구
107,차귀도요트,제주특별자치도 제주시 한경면 한경해안로 156,A03,A0303,A03030300,0,0,1,1,제주특별자치도,제주시
108,청아투명카약,제주특별자치도 제주시 애월읍 애월로 11,A03,A0303,A03030200,1,0,1,0,제주특별자치도,제주시
109,충주 포세이돈 수상레저(포세이돈수상스키장),충청북도 충주시 살미면 월악로 1087,A03,A0303,A03030100,1,0,1,1,충청북도,충주시
110,칠봉산 낚시터,경기도 양주시 천보산로 201,A03,A0303,A03030500,0,0,1,0,경기도,양주시
111,키즈돌핀 서대문DMC점,"서울특별시 서대문구 수색로 102 (북가좌동, DMC요진아파트)",A03,A0303,A03030700,1,0,1,1,서울특별시,서대문구
112,키튼드림센터,경상남도 진주시 서장대로61번길 11,A03,A0303,A03030700,1,0,0,1,경상남도,진주시
113,킹카누 나루터,강원특별자치도 춘천시 송암동,A03,A0303,A03030200,0,0,1,0,강원특별자치도,춘천시
114,탄천종합운동장 수영장,경기도 성남시 분당구 야탑동,A03,A0303,A03030700,1,0,0,1,경기도,성남시
115,탑코리아수상레저,경기도 가평군 설악면 미사리로645번길 258,A03,A0303,A03030100,0,0,0,0,경기도,가평군
116,태용래프팅,강원특별자치도 영월군 영월읍 동강로 871-18,A03,A0303,A03030800,0,0,0,0,강원특별자치도,영월군
117,포세이돈마린레저,경상남도 남해군 삼동면 동부대로942번길 8-6,A03,A0303,A03030100,0,0,1,0,경상남도,남해군
118,플로우하우스 용인,경기도 용인시 기흥구 신고매로 124,A03,A0303,A03030100,0,1,1,0,경기도,용인시
119,핀스파크지천점,경상북도 칠곡군 지천면 지천로 393,A03,A0303,A03030100,0,0,1,0,경상북도,칠곡군
120,하늘바다낚시터,경기도 안산시 단원구 작은상재미길 99,A03,A0303,A03030600,0,0,1,0,경기도,안산시
121,학생문화센터 수영장,대구광역시 달서구 용산로 181,A03,A0303,A03030700,1,0,0,1,대구광역시,달서구
122,한강세븐수상레저,서울특별시 용산구 양녕로 496,A03,A0303,A03030100,0,0,0,0,서울특별시,용산구
123,한강시민공원삼패지구물놀이장,경기도 남양주시 삼패동,A03,A0303,A03030700,0,0,0,0,경기도,남양주시
124,함동수상레저타운,전라남도 장성군 삼계면 영장로 1758,A03,A0303,A03030100,0,0,1,0,전라남도,장성군
125,함평엑스포공원 물놀이장,전라남도 함평군 함평읍 곤재로 27,A03,A0303,A03030700,0,0,1,0,전라남도,함평군
126,현대요트 서울지점,서울특별시 서초구 동작대로 350 (반포동),A03,A0303,A03030300,0,0,1,0,서울특별시,서초구
127,현대요트 인천,인천광역시 중구 을왕동,A03,A0303,A03030300,1,0,1,0,인천광역시,중구
128,홍양저수지(빼뽀저수지),충청남도 홍성군 금마면 월암리 일대,A03,A0303,A03030500,0,0,0,0,충청남도,홍성군
129,화도낚시공원,경기도 남양주시 화도읍 경춘로2414번길 50-14,A03,A0303,A03030500,0,0,0,0,경기도,남양주시
130,화성해양아카데미연구회,경기도 화성시 서신면 전곡항로 5,A03,A0303,A03030800,0,0,0,0,경기도,화성시
131,히든밸리송추,경기도 양주시 장흥면 교현리,A03,A0303,A03030700,1,0,1,1,경기도,양주시
132,히트 실내 바다낚시터,경기도 김포시 양촌읍 황금로24번길 91-15,A03,A0303,A03030600,0,0,0,0,경기도,김포시
